Title,Episode number,Series number,First aired
The Matrimonial Momentum,184,9,21/09/2015
The Separation Oscillation,185,9,28/09/2015
The Bachelor Party Corrosion,186,9,05/10/2015
The 2003 Approximation,187,9,12/10/2015
The Perspiration Implementation,188,9,19/10/2015
The Helium Insufficiency,189,9,26/10/2015
The Spock Resonance,190,9,05/11/2015
The Mystery Date Observation�,191,9,12/11/2015
The Platonic Permutation,192,9,19/11/2015
The Earworm Reverberation,193,9,10/12/2015
The Opening Night Excitation,194,9,17/12/2015
The Sales Call Sublimation,195,9,07/01/2016
The Empathy Optimization,196,9,14/01/2016
The Meemaw Materialization,197,9,04/02/2016
The Valentino Submergence,198,9,11/02/2016
The Positive Negative Reaction,199,9,18/02/2016
The Celebration Experimentation,200,9,25/02/2016
The Application Deterioration,201,9,10/03/2016
The Solder Excursion Diversion,202,9,31/03/2016
The Big Bear Precipitation,203,9,07/04/2016
The Viewing Party Combustion,204,9,21/04/2016
The Fermentation Bifurcation,205,9,28/04/2016
The Line Substitution Solution,206,9,05/05/2016
The Convergence-Convergence,207,9,12/05/2016
